Method,RMSE,MAE,BIAS,R2,PBIAS_pct,n
RK_full_CV,0.07622231102629788,0.0585085053787239,3.6697614562671585e-4,0.8294230898922991,0.07297304487869932,923
