model,nugget,psill,sill,range,PSV_pct
Sph,2.7324075708055564e-4,0.005464815141611112,0.005738055898691668,25455.823258692257,95.23809523809524
